Period,Samples,Individuals (computed),S(est),S(est) 95% CI Lower Bound,S(est) 95% CI Upper Bound,S(est) SD,S Mean (runs),Singletons Mean,Singletons SD (runs),Doubletons Mean,Doubletons SD (runs),Uniques Mean,Uniques SD (runs),Duplicates Mean,Duplicates SD (runs),ACE Mean,ACE  SD (runs),ICE Mean,ICE SD (runs),Chao 1 Mean,Chao 1 95% CI Lower Bound,Chao 1 95% CI Upper Bound,Chao 1 SD (analytical),Chao 2 Mean,Chao 2 95% CI Lower Bound,Chao 2 95% CI Upper Bound,Chao 2 SD (analytical),Jack 1 Mean,Jack 1 SD (analytical),Jack 2 Mean,Jack 2 SD (runs),Bootstrap Mean,Bootstrap  SD (runs),MMRuns Mean,MMMeans (1 run),Cole Rarefaction,Cole SD (analytical),Alpha Mean,Alpha SD (analytical),Shannon Mean,Shannon SD (runs),Shannon Exponential Mean,Shannon Exponential SD (runs),Simpson Inv Mean,Simpson Inv SD (runs)
Iron II,1,4.22,2.28,1.52,3.03,0.38,2.27,1.28,1.09,0.22,0.42,2.27,1.49,0,0,0,0,2.27,1.49,2.73,0,0,0,2.27,0,0,0.08,2.27,0,0,0,2.27,1.49,0,0,3.06,1.14,3648.93,141768.87,0.81,0.55,2.56,1.23,2.29,0.99
Iron II,2,8.44,3.73,2.69,4.77,0.53,3.36,1.65,1.27,0.46,0.73,2.58,1.49,0.78,0.86,0,0,9.5,9.21,4.26,0,0,0,4.42,0,0,0,4.65,0.78,4.65,2.25,4.01,1.91,5.35,10.31,4.41,1.06,1555.82,57414.39,0.95,0.47,2.85,1.18,2.54,1.02
Iron II,3,12.66,4.68,3.58,5.78,0.56,4.27,1.82,1.23,0.66,0.79,2.59,1.39,1.27,1.06,6.95,3.96,9.84,7.52,5.29,4.44,13.52,1.69,5.46,4.51,14.16,1.77,6,1.16,6.65,2.7,5.08,1.87,6.79,9.95,5.14,0.96,611.6,22366.53,1.13,0.35,3.29,1.07,2.82,0.91
Iron II,4,16.87,5.31,4.25,6.36,0.54,4.8,1.93,1.22,0.71,0.82,2.45,1.32,1.41,1.17,7.47,3.94,8.95,5.25,5.97,4.99,15.05,1.87,5.9,5.01,14.42,1.71,6.64,1.22,7.39,2.9,5.67,1.91,10.42,9.64,5.6,0.87,773.65,25958.62,1.21,0.35,3.54,1.13,2.99,0.97
Iron II,5,21.09,5.74,4.77,6.72,0.5,5.34,2.03,1.16,0.8,0.84,2.4,1.23,1.51,1.08,8.13,3.56,8.92,4.24,6.57,5.54,16.26,1.97,6.36,5.54,14.89,1.68,7.26,1.28,8.02,2.77,6.25,1.66,10.26,9.4,5.91,0.79,294.41,8818.79,1.29,0.27,3.75,0.97,3.08,0.85
Iron II,6,25.31,6.05,5.17,6.92,0.45,5.72,2.09,1.1,0.84,0.8,2.37,1.14,1.46,1.05,8.43,3.02,8.71,3,6.95,5.9,17.02,2.01,6.86,5.92,15.98,1.81,7.7,1.32,8.5,2.62,6.66,1.49,14.79,9.2,6.14,0.73,294.35,8818.67,1.32,0.25,3.87,0.95,3.14,0.84
Iron II,7,29.53,6.27,5.49,7.04,0.4,6.02,2.1,1.06,0.84,0.77,2.27,1.14,1.42,1.01,8.7,3.01,8.65,2.94,7.28,6.22,17.65,2.05,7.07,6.25,15.84,1.72,7.97,1.28,8.74,2.74,6.95,1.44,17.42,9.03,6.31,0.67,2.41,0.78,1.35,0.23,3.94,0.87,3.15,0.75
Iron II,8,33.75,6.43,5.76,7.11,0.34,6.27,2.06,1.04,0.94,0.76,2.18,1.1,1.41,0.93,8.82,2.93,8.51,2.62,7.41,6.46,17.14,1.9,7.21,6.48,15.5,1.6,8.18,1.26,8.91,2.71,7.19,1.36,20.07,8.89,6.44,0.62,2.38,0.72,1.37,0.2,4.01,0.8,3.17,0.72
Iron II,9,37.97,6.56,5.97,7.14,0.3,6.46,1.95,1.05,0.97,0.83,2.04,1.09,1.36,0.95,8.73,2.51,8.42,2.23,7.53,6.62,16.92,1.84,7.31,6.63,15.35,1.54,8.27,1.21,8.93,2.63,7.34,1.24,10.78,8.77,6.55,0.57,2.33,0.66,1.39,0.18,4.08,0.76,3.21,0.71
Iron II,10,42.19,6.65,6.15,7.15,0.26,6.56,1.77,1.05,1.06,0.84,1.82,1.09,1.43,0.91,8.54,2.52,8.16,2.05,7.44,6.71,15.41,1.57,7.27,6.74,14.12,1.32,8.2,1.12,8.64,2.72,7.38,1.25,44.82,8.66,6.64,0.52,2.26,0.62,1.4,0.17,4.1,0.7,3.22,0.67
Iron II,11,46.41,6.72,6.3,7.15,0.22,6.67,1.69,1.05,0.98,0.75,1.73,1.07,1.28,0.91,8.55,2.73,8.14,1.97,7.52,6.83,15.06,1.5,7.38,6.87,14.1,1.3,8.24,1.11,8.72,2.7,7.46,1.14,11.14,8.57,6.71,0.48,2.21,0.58,1.41,0.17,4.15,0.7,3.25,0.7
Iron II,12,50.62,6.79,6.44,7.13,0.18,6.76,1.57,1.01,1.03,0.73,1.59,1.04,1.23,0.85,8.45,2.41,8.02,1.84,7.41,6.9,13.86,1.27,7.36,6.94,13.37,1.17,8.22,1.06,8.61,2.62,7.5,1.13,10.07,8.49,6.77,0.43,2.17,0.55,1.42,0.16,4.18,0.67,3.27,0.66
Iron II,13,54.84,6.83,6.55,7.11,0.14,6.86,1.48,0.93,1,0.79,1.48,0.93,1.19,0.93,8.38,2.22,7.94,1.57,7.43,6.99,13.43,1.19,7.37,7.03,12.91,1.08,8.23,1.02,8.56,2.43,7.56,1.02,10.31,8.42,6.82,0.39,2.14,0.52,1.43,0.16,4.23,0.67,3.32,0.69
Iron II,14,59.06,6.87,6.66,7.09,0.11,6.93,1.38,0.94,1.07,0.79,1.38,0.94,1.18,0.91,8.41,3,7.91,1.66,7.42,7.06,12.67,1.05,7.39,7.09,12.38,0.99,8.21,0.98,8.46,2.43,7.6,1.02,9.72,8.36,6.86,0.35,2.1,0.5,1.43,0.15,4.24,0.64,3.32,0.67
Iron II,15,63.28,6.91,6.74,7.07,0.08,7,1.26,0.92,1.07,0.93,1.26,0.92,1.16,1.01,8.18,2.02,7.83,1.39,7.42,7.12,12.44,1,7.4,7.15,12.17,0.95,8.18,0.9,8.33,2.47,7.62,0.98,9.38,8.3,6.9,0.31,2.07,0.48,1.45,0.14,4.3,0.62,3.36,0.65
Iron II,16,67.5,6.93,6.82,7.05,0.06,7.07,1.26,0.92,1.07,0.96,1.26,0.92,1.13,1.03,8.29,2.03,7.91,1.35,7.48,7.2,12.46,0.99,7.46,7.22,12.24,0.95,8.25,0.9,8.43,2.38,7.69,0.94,9.15,8.25,6.92,0.27,2.05,0.47,1.45,0.14,4.31,0.62,3.37,0.65
Iron II,17,71.72,6.96,6.88,7.04,0.04,7.12,1.1,0.86,1.08,0.94,1.1,0.86,1.12,1,8.06,1.61,7.8,1.21,7.46,7.25,11.66,0.87,7.44,7.26,11.51,0.84,8.16,0.83,8.2,2.31,7.69,0.9,8.98,8.2,6.95,0.22,2.02,0.45,1.46,0.14,4.37,0.6,3.41,0.63
Iron II,18,75.94,6.97,6.93,7.02,0.02,7.19,1.12,0.87,1.03,0.95,1.12,0.87,1.07,1.01,8.17,1.64,7.9,1.24,7.54,7.3,11.76,0.89,7.53,7.31,11.59,0.85,8.25,0.84,8.35,2.27,7.76,0.88,8.87,8.16,6.97,0.18,2.01,0.44,1.47,0.14,4.38,0.59,3.43,0.63
Iron II,19,80.15,6.99,6.96,7.01,0.01,7.21,0.95,0.76,1.08,0.91,0.95,0.76,1.1,0.93,7.94,1.28,7.77,1.06,7.38,7.3,10.34,0.65,7.37,7.31,10.25,0.63,8.11,0.76,8.03,2.02,7.72,0.84,8.78,8.12,6.98,0.14,1.97,0.43,1.47,0.13,4.41,0.58,3.44,0.62
Iron II,20,84.37,7,6.99,7,0,7.26,0.95,0.77,1.05,0.94,0.95,0.77,1.07,0.96,8,1.34,7.82,1.1,7.44,7.34,10.42,0.67,7.43,7.35,10.33,0.65,8.16,0.76,8.11,2.08,7.77,0.85,8.71,8.08,6.99,0.09,1.95,0.42,1.48,0.13,4.41,0.57,3.44,0.61
Iron II,21,88.59,7,7,7,0,7.32,0.92,0.72,0.96,0.9,0.92,0.72,0.96,0.9,7.99,1.19,7.85,1,7.48,7.4,10.3,0.64,7.47,7.41,10.24,0.63,8.2,0.76,8.2,1.95,7.81,0.77,8.65,8.05,7,0.05,1.93,0.4,1.48,0.13,4.44,0.58,3.46,0.62
Iron II,22,92.81,7,7,7,0,7.37,0.91,0.73,0.97,0.87,0.91,0.73,0.97,0.87,8.06,1.21,7.9,1,7.52,7.45,10.22,0.62,7.51,7.45,10.16,0.61,8.24,0.75,8.23,1.91,7.85,0.75,8.6,8.01,0,0,1.92,0.4,1.48,0.12,4.43,0.56,3.45,0.61
Late Byzantine,1,19.99,2.64,1.14,4.15,0.77,2.97,0.85,0.97,0.63,0.65,2.97,2.08,0,0,0,0,2.97,2.08,3.23,0,0,0,2.97,0,0,0.07,2.97,0,0,0,2.97,2.08,0,0,5.26,1,347.7,18580.34,0.86,0.57,2.75,1.45,2.39,1.13
Late Byzantine,2,39.98,4.19,2.06,6.32,1.09,4.82,1.21,1.14,0.82,0.81,3.54,2.02,1.28,1.22,6.26,3.56,15.11,16.54,5.24,4.91,9.77,0.92,6.85,0,0,0,6.59,1.13,6.59,3.03,5.71,2.58,6.92,10.17,6.27,1.08,1.9,0.8,1.13,0.44,3.38,1.36,2.9,1.08
Late Byzantine,3,59.97,5.2,2.81,7.59,1.22,5.99,1.42,1.19,0.81,0.81,3.43,2.21,1.83,1.36,7.54,3.33,14.35,14.04,6.57,6.09,12.37,1.19,8.47,0,0,0,8.28,1.52,9.12,3.96,7.07,2.59,9.21,10.11,6.97,1.08,2.06,0.62,1.33,0.38,4.05,1.43,3.39,1.15
Late Byzantine,4,79.96,5.92,3.42,8.42,1.28,6.78,1.49,1.01,0.97,0.95,3.29,1.72,1.87,1.32,8.16,2.71,12.86,8.94,7.36,6.89,13.32,1.2,8.43,7.07,19.15,2.26,9.25,1.66,10.27,3.68,7.94,2.43,13.62,10.11,7.49,1.04,2.06,0.53,1.4,0.31,4.25,1.27,3.5,1.06
Late Byzantine,5,99.96,6.48,3.93,9.04,1.3,7.23,1.48,1.01,0.92,0.94,3.12,1.67,1.71,1.18,8.75,2.95,11.84,5.64,7.91,7.37,14.32,1.29,8.97,7.54,20.32,2.39,9.73,1.71,10.83,3.66,8.4,2.2,10.99,10.15,7.88,1.01,2.01,0.45,1.46,0.26,4.46,1.17,3.67,0.99
Late Byzantine,6,119.95,6.93,4.35,9.52,1.32,7.71,1.53,1.04,0.84,0.9,3.04,1.45,1.72,1.14,9.27,2.52,11.37,4.1,8.36,7.81,15.05,1.33,9.32,7.96,20.54,2.32,10.24,1.66,11.35,3.35,8.9,2.02,15.87,10.21,8.19,0.97,2.02,0.42,1.51,0.26,4.67,1.19,3.83,1.02
Late Byzantine,7,139.94,7.32,4.71,9.92,1.33,8.1,1.53,0.98,0.9,0.87,2.94,1.42,1.68,1.08,9.57,2.33,11.44,3.85,8.7,8.2,15.25,1.27,9.73,8.37,21.06,2.34,10.62,1.63,11.72,3.4,9.29,2,14.89,10.28,8.44,0.95,2.01,0.39,1.53,0.26,4.77,1.22,3.9,1.06
Late Byzantine,8,159.93,7.65,5.03,10.26,1.33,8.36,1.54,0.91,0.96,0.83,2.82,1.23,1.54,1.16,10.05,2.44,11.17,2.9,8.86,8.43,15.32,1.22,9.91,8.61,21,2.27,10.83,1.6,11.95,2.95,9.52,1.84,14.47,10.36,8.65,0.93,1.99,0.36,1.54,0.26,4.81,1.21,3.9,1.05
Late Byzantine,9,179.92,7.93,5.31,10.55,1.34,8.64,1.45,0.97,1.03,0.83,2.79,1.26,1.64,1.2,10.17,2.3,11.41,3.03,9.12,8.73,15.23,1.17,10.31,8.93,21.81,2.36,11.12,1.62,12.17,3.15,9.81,1.74,12.42,10.43,8.83,0.92,2,0.35,1.56,0.24,4.88,1.14,3.95,1
Late Byzantine,10,199.91,8.18,5.57,10.8,1.34,8.94,1.47,0.88,0.99,0.81,2.78,1.26,1.61,1.09,10.3,2.18,11.58,2.76,9.4,9.05,15.13,1.09,10.66,9.24,22.21,2.38,11.44,1.63,12.52,3.24,10.12,1.73,19.98,10.5,8.99,0.91,2.02,0.34,1.56,0.23,4.86,1.07,3.91,0.94
Late Byzantine,11,219.9,8.41,5.79,11.02,1.33,9.26,1.41,0.91,0.97,0.85,2.55,1.27,1.78,1.16,10.54,2.37,11.55,2.79,9.67,9.35,14.78,1.02,10.72,9.55,20.64,2.03,11.58,1.58,12.35,3.41,10.39,1.8,12.42,10.57,9.13,0.9,2.03,0.33,1.58,0.22,4.96,1.03,3.98,0.92
Late Byzantine,12,239.89,8.61,6,11.22,1.33,9.47,1.47,0.97,0.99,0.88,2.54,1.24,1.82,1.21,10.77,2.07,11.78,2.63,10.05,9.57,16.36,1.25,10.84,9.75,20.66,1.98,11.8,1.53,12.54,3.28,10.61,1.63,11.94,10.64,9.26,0.89,2.05,0.33,1.58,0.21,4.96,0.97,3.97,0.86
Late Byzantine,13,259.88,8.79,6.19,11.39,1.33,9.58,1.38,0.94,0.94,0.87,2.44,1.27,1.77,1.27,10.78,2.27,11.8,2.58,10.09,9.69,15.74,1.14,10.97,9.89,21.09,2.04,11.83,1.51,12.52,3.43,10.69,1.59,11.71,10.7,9.38,0.88,2.04,0.32,1.59,0.2,5,0.94,4,0.83
Late Byzantine,14,279.87,8.95,6.36,11.54,1.32,9.82,1.31,0.81,0.99,0.95,2.35,1.21,1.95,1.31,10.74,1.66,11.94,2.27,10.21,9.91,15.39,1,10.92,10.08,20.14,1.8,12,1.48,12.47,3.42,10.92,1.5,14.56,10.75,9.49,0.87,2.03,0.31,1.59,0.2,5.01,0.98,3.99,0.88
Late Byzantine,15,299.87,9.1,6.52,11.68,1.32,9.93,1.24,0.81,0.96,1.03,2.2,1.21,1.86,1.23,10.76,1.72,11.89,2.41,10.29,10.03,15.2,0.97,10.9,10.16,19.11,1.61,11.98,1.43,12.39,3.42,10.98,1.57,12.62,10.81,9.59,0.86,2.01,0.3,1.6,0.19,5.04,0.93,4.01,0.85
Late Byzantine,16,319.86,9.24,6.67,11.81,1.31,10.08,1.13,0.75,1,1.07,2.04,1.17,1.89,1.13,10.8,1.61,11.79,2.28,10.34,10.19,14.32,0.81,10.85,10.27,18.04,1.39,11.99,1.33,12.23,3.29,11.08,1.47,12.24,10.86,9.69,0.85,2.03,0.3,1.62,0.18,5.12,0.91,4.07,0.84
Late Byzantine,17,339.85,9.36,6.8,11.92,1.31,10.16,1.13,0.76,0.98,1.06,2,1.19,1.73,1.17,10.88,1.59,11.77,2.1,10.43,10.27,14.54,0.84,11.01,10.3,18.81,1.54,12.04,1.3,12.38,3.44,11.14,1.45,12.05,10.91,9.78,0.84,2.02,0.29,1.62,0.18,5.12,0.89,4.06,0.83
Late Byzantine,18,359.84,9.48,6.93,12.03,1.3,10.24,1.13,0.73,0.86,0.92,1.94,1.16,1.56,1.01,10.92,1.51,11.78,2.04,10.5,10.33,14.41,0.8,11.13,10.44,18.77,1.52,12.07,1.3,12.49,3.24,11.18,1.38,11.94,10.95,9.87,0.82,2.01,0.29,1.62,0.17,5.11,0.85,4.05,0.79
Late Byzantine,19,379.83,9.59,7.05,12.13,1.3,10.38,1.12,0.74,0.86,0.88,1.93,1.14,1.45,1.04,11.06,1.43,11.89,1.92,10.66,10.47,14.79,0.84,11.31,10.59,19.39,1.6,12.21,1.31,12.71,3.16,11.31,1.28,11.89,10.99,9.95,0.8,2,0.28,1.63,0.16,5.15,0.83,4.07,0.78
Late Byzantine,20,399.82,9.7,7.17,12.22,1.29,10.45,0.98,0.74,0.97,0.86,1.82,1.14,1.5,1.05,11.01,1.36,11.8,1.86,10.65,10.53,14.11,0.72,11.26,10.63,18.95,1.49,12.18,1.22,12.54,3.26,11.35,1.3,11.86,11.03,10.03,0.79,1.99,0.28,1.62,0.16,5.13,0.8,4.06,0.76
Late Byzantine,21,419.81,9.79,7.27,12.31,1.29,10.49,0.94,0.74,0.89,0.83,1.76,1.12,1.34,0.96,11.02,1.35,11.72,1.82,10.68,10.56,14.27,0.75,11.37,10.7,19.23,1.55,12.17,1.21,12.61,3.18,11.35,1.31,11.83,11.07,10.11,0.77,1.98,0.27,1.63,0.16,5.18,0.8,4.1,0.76
Late Byzantine,22,439.8,9.88,7.38,12.39,1.28,10.54,0.93,0.76,0.84,0.79,1.78,1.13,1.13,0.79,11.08,1.32,11.78,1.81,10.73,10.6,14.33,0.76,11.48,10.73,19.67,1.62,12.24,1.22,12.88,3.09,11.39,1.25,11.81,11.11,10.18,0.75,1.97,0.27,1.64,0.15,5.21,0.78,4.13,0.75
Late Byzantine,23,459.79,9.97,7.47,12.47,1.28,10.63,0.94,0.76,0.82,0.74,1.81,1.09,1.08,0.8,11.19,1.35,11.84,1.76,10.82,10.69,14.42,0.76,11.53,10.8,19.75,1.62,12.36,1.24,13.07,3,11.48,1.27,11.8,11.15,10.25,0.72,1.97,0.27,1.63,0.14,5.18,0.75,4.08,0.72
Late Byzantine,24,479.78,10.06,7.56,12.55,1.27,10.76,0.9,0.73,0.8,0.79,1.81,0.97,0.96,0.74,11.29,1.36,11.9,1.65,10.92,10.82,14.16,0.7,11.52,10.88,19.37,1.5,12.49,1.26,13.31,2.71,11.6,1.25,11.81,11.18,10.32,0.7,1.98,0.26,1.64,0.13,5.22,0.71,4.11,0.7
Late Byzantine,25,499.78,10.14,7.65,12.62,1.27,10.81,0.89,0.75,0.79,0.82,1.75,1,0.99,0.8,11.35,1.32,11.9,1.6,10.98,10.86,14.33,0.72,11.57,10.94,19.31,1.49,12.49,1.21,13.23,2.78,11.63,1.2,11.82,11.21,10.38,0.67,1.98,0.26,1.64,0.14,5.23,0.71,4.12,0.7
Late Byzantine,26,519.77,10.22,7.73,12.7,1.27,10.82,0.87,0.75,0.8,0.79,1.71,1,0.97,0.83,11.43,1.44,11.87,1.59,10.98,10.87,14.18,0.69,11.55,10.95,19.09,1.46,12.46,1.2,13.18,2.77,11.63,1.21,11.82,11.25,10.44,0.65,1.97,0.26,1.65,0.13,5.23,0.7,4.12,0.67
Late Byzantine,27,539.76,10.28,7.81,12.76,1.26,10.89,0.88,0.7,0.73,0.74,1.62,0.91,1.03,0.82,11.48,1.33,11.84,1.49,11.03,10.93,14.03,0.67,11.48,11.04,18.01,1.25,12.45,1.18,13.03,2.62,11.67,1.13,11.83,11.28,10.5,0.62,1.96,0.25,1.65,0.15,5.24,0.75,4.13,0.72
Late Byzantine,28,559.75,10.35,7.88,12.83,1.26,10.93,0.84,0.66,0.75,0.76,1.58,0.89,0.95,0.69,11.46,1.24,11.82,1.41,11.05,10.98,13.78,0.63,11.46,11.05,17.76,1.19,12.45,1.15,13.07,2.54,11.69,1.14,11.84,11.31,10.56,0.59,1.95,0.25,1.64,0.14,5.22,0.71,4.11,0.69
Late Byzantine,29,579.74,10.42,7.95,12.89,1.26,10.99,0.78,0.69,0.79,0.82,1.51,0.96,0.98,0.82,11.52,1.3,11.84,1.45,11.11,11.03,13.84,0.64,11.52,11.08,17.91,1.23,12.45,1.07,12.97,2.79,11.72,1.16,11.85,11.34,10.61,0.56,1.95,0.25,1.65,0.14,5.25,0.71,4.12,0.69
Late Byzantine,30,599.73,10.49,8.02,12.96,1.26,11.02,0.73,0.65,0.84,0.84,1.44,0.98,1.07,0.92,11.5,1.24,11.84,1.44,11.1,11.06,13.39,0.58,11.54,11.12,17.64,1.19,12.41,1.01,12.79,2.87,11.73,1.15,11.85,11.37,10.66,0.53,1.94,0.25,1.65,0.13,5.25,0.69,4.12,0.67
Late Byzantine,31,619.72,10.55,8.08,13.02,1.26,11.06,0.75,0.67,0.79,0.8,1.44,1,1.02,0.92,11.56,1.24,11.88,1.46,11.16,11.09,13.66,0.6,11.62,11.17,17.85,1.23,12.45,1.01,12.88,2.88,11.77,1.15,11.87,11.4,10.71,0.49,1.93,0.24,1.65,0.13,5.26,0.68,4.13,0.66
Late Byzantine,32,639.71,10.61,8.14,13.09,1.26,11.1,0.71,0.69,0.79,0.8,1.36,1.03,1.04,0.91,11.64,1.29,11.88,1.42,11.2,11.13,13.66,0.6,11.63,11.21,17.56,1.18,12.42,0.96,12.75,2.92,11.78,1.1,11.88,11.42,10.76,0.46,1.93,0.24,1.65,0.13,5.26,0.7,4.13,0.68
Late Byzantine,33,659.7,10.67,8.2,13.15,1.26,11.15,0.67,0.67,0.84,0.83,1.36,1,1.06,0.94,11.58,1.16,11.92,1.38,11.25,11.19,13.62,0.58,11.68,11.26,17.69,1.19,12.47,0.96,12.78,2.88,11.83,1.09,11.89,11.45,10.8,0.42,1.92,0.24,1.65,0.13,5.25,0.68,4.12,0.66
Late Byzantine,34,679.69,10.73,8.25,13.21,1.27,11.19,0.69,0.69,0.82,0.83,1.4,1.02,1.02,0.92,11.62,1.18,12.01,1.45,11.31,11.23,13.9,0.61,11.77,11.3,18.12,1.26,12.55,0.97,12.94,2.95,11.88,1.12,11.9,11.48,10.84,0.38,1.92,0.24,1.65,0.13,5.27,0.68,4.15,0.66
Late Byzantine,35,699.69,10.79,8.3,13.27,1.27,11.21,0.69,0.69,0.78,0.77,1.42,1.01,0.94,0.83,11.64,1.16,12.03,1.41,11.33,11.25,13.9,0.61,11.8,11.32,18.24,1.27,12.59,0.99,13.07,2.81,11.89,1.1,11.91,11.5,10.88,0.34,1.91,0.24,1.66,0.13,5.28,0.66,4.16,0.65
Late Byzantine,36,719.68,10.84,8.35,13.34,1.27,11.23,0.67,0.67,0.78,0.77,1.38,0.96,0.96,0.82,11.66,1.14,12.01,1.34,11.33,11.27,13.67,0.57,11.77,11.35,17.73,1.18,12.57,0.99,12.99,2.67,11.9,1.07,11.92,11.53,10.91,0.29,1.91,0.23,1.65,0.12,5.27,0.65,4.13,0.63
Late Byzantine,37,739.67,10.9,8.39,13.4,1.28,11.33,0.69,0.66,0.73,0.81,1.46,0.97,0.89,0.83,11.78,1.11,12.16,1.34,11.43,11.37,13.76,0.57,11.92,11.45,18.36,1.26,12.75,1.03,13.31,2.63,12.02,1.05,11.93,11.56,10.94,0.23,1.91,0.23,1.66,0.12,5.29,0.62,4.15,0.62
Late Byzantine,38,759.66,10.95,8.44,13.46,1.28,11.35,0.69,0.63,0.68,0.8,1.42,0.94,0.89,0.84,11.79,1.04,12.16,1.29,11.43,11.39,13.53,0.53,11.88,11.45,17.89,1.19,12.73,1.02,13.26,2.57,12.02,1.01,11.94,11.58,10.97,0.16,1.91,0.23,1.66,0.11,5.3,0.6,4.16,0.6
Late Byzantine,39,779.65,11,8.48,13.52,1.29,11.35,0.67,0.64,0.68,0.8,1.4,0.94,0.83,0.77,11.8,1.05,12.13,1.31,11.43,11.39,13.52,0.53,11.88,11.46,17.85,1.18,12.71,1.01,13.28,2.53,12.01,1.01,11.95,11.61,0,0,1.9,0.23,1.66,0.11,5.3,0.59,4.16,0.59
Late Antique Transitional,1,6.14,2.56,1.31,3.8,0.64,2.43,1.24,0.83,0.56,0.76,2.43,1.7,0,0,0,0,2.43,1.7,2.67,0,0,0,2.43,0,0,0.06,2.43,0,0,0,2.43,1.7,0,0,3.94,1.28,2683.64,119605.82,0.87,0.58,2.81,1.67,2.52,1.29
Late Antique Transitional,2,12.28,4.17,2.33,6.01,0.94,4.02,1.54,1.01,0.98,0.96,3.21,1.71,0.81,0.92,0,0,11.49,11.7,4.54,0,0,0,5.83,0,0,2.23,5.63,0.98,5.63,2.58,4.82,2.18,7.02,11.26,5.6,1.24,1124,39437.94,1.17,0.41,3.5,1.37,3.16,1.18
Late Antique Transitional,3,18.42,5.24,3.11,7.37,1.08,5.05,1.7,1.21,1.07,0.99,3.26,1.59,1.34,1.08,7.12,3.44,12.92,8.35,5.88,5.21,13.05,1.45,6.96,5.4,18.47,2.46,7.22,1.36,8.09,3.04,6.07,2.08,8.24,11.05,6.55,1.18,327.88,11627.32,1.37,0.3,4.12,1.15,3.64,1.02
Late Antique Transitional,4,24.56,5.99,3.73,8.26,1.16,5.81,1.67,1.14,1.22,0.98,3.01,1.41,1.79,1.07,7.4,2.88,11.15,6.3,6.55,5.98,13.2,1.32,7.19,6.11,16.74,1.95,8.07,1.43,8.98,3.01,6.88,1.98,16.57,10.9,7.18,1.13,197.81,6401.23,1.49,0.28,4.59,1.15,3.99,1.05
Late Antique Transitional,5,30.7,6.55,4.23,8.87,1.19,6.45,1.6,1.25,1.3,0.98,2.94,1.4,1.88,1.03,7.96,2.76,10.62,4.81,7.17,6.64,13.56,1.29,7.69,6.7,17.08,1.88,8.8,1.47,9.72,3.15,7.57,1.9,29.03,10.8,7.63,1.08,3.08,1.13,1.57,0.26,4.96,1.14,4.22,1.07
Late Antique Transitional,6,36.84,6.98,4.64,9.32,1.19,6.96,1.59,1.33,1.23,1.02,2.88,1.43,1.85,1.15,8.58,3.28,10.32,3.62,7.84,7.16,14.95,1.49,8.38,7.21,18.7,2.1,9.36,1.48,10.29,3.51,8.11,1.92,16.48,10.72,7.99,1.04,2.98,0.94,1.62,0.25,5.2,1.16,4.38,1.12
Late Antique Transitional,7,42.98,7.32,5,9.65,1.19,7.22,1.54,1.28,1.19,0.99,2.61,1.41,1.74,1.08,8.74,3.16,10,3.29,8.1,7.4,15.11,1.47,8.57,7.48,18.37,2,9.46,1.39,10.29,3.5,8.3,1.83,20.65,10.66,8.27,1,2.86,0.84,1.64,0.24,5.3,1.11,4.41,1.1
Late Antique Transitional,8,49.12,7.6,5.31,9.9,1.17,7.54,1.6,1.28,0.97,0.92,2.46,1.4,1.61,1.09,8.93,2.78,9.95,3.14,8.45,7.72,15.96,1.55,8.8,7.79,18.32,1.92,9.69,1.33,10.5,3.52,8.58,1.87,13.21,10.62,8.5,0.97,2.8,0.76,1.67,0.23,5.45,1.11,4.52,1.11
Late Antique Transitional,9,55.26,7.84,5.58,10.1,1.15,7.8,1.5,1.2,1,0.99,2.3,1.27,1.69,1.13,9.11,2.68,9.84,2.79,8.58,7.95,15.34,1.41,8.86,8.06,17.16,1.66,9.84,1.32,10.48,3.3,8.81,1.82,15.99,10.59,8.7,0.94,2.74,0.7,1.69,0.23,5.57,1.12,4.58,1.1
Late Antique Transitional,10,61.4,8.05,5.83,10.27,1.13,8.05,1.52,1.17,0.92,0.9,2.29,1.18,1.57,1.16,9.38,2.82,9.98,2.69,8.83,8.21,15.77,1.43,9.12,8.28,17.62,1.7,10.11,1.37,10.83,3.21,9.06,1.83,13.37,10.58,8.87,0.91,2.71,0.65,1.71,0.22,5.65,1.13,4.63,1.12
Late Antique Transitional,11,67.54,8.23,6.06,10.41,1.11,8.23,1.48,1.17,0.93,0.95,2.18,1.15,1.55,1.04,9.49,2.57,9.96,2.54,8.98,8.36,15.93,1.43,9.18,8.42,17.16,1.57,10.21,1.32,10.85,3.24,9.21,1.85,20.19,10.57,9.01,0.88,2.66,0.62,1.72,0.22,5.72,1.12,4.68,1.12
Late Antique Transitional,12,73.68,8.4,6.27,10.53,1.09,8.45,1.49,1.19,0.83,0.85,2.11,1.23,1.45,1.01,9.74,2.77,10.09,2.6,9.23,8.58,16.32,1.47,9.39,8.62,17.54,1.62,10.38,1.28,11.04,3.49,9.4,1.91,14.21,10.57,9.14,0.86,2.64,0.58,1.74,0.21,5.84,1.1,4.75,1.1
Late Antique Transitional,13,79.82,8.55,6.46,10.63,1.07,8.62,1.45,1.18,0.76,0.81,2.05,1.2,1.41,0.99,9.84,2.47,10.19,2.45,9.38,8.73,16.69,1.49,9.54,8.79,17.86,1.64,10.51,1.26,11.15,3.43,9.55,1.83,12.78,10.57,9.25,0.84,2.61,0.56,1.76,0.2,5.94,1.05,4.83,1.06
Late Antique Transitional,14,85.96,8.68,6.64,10.73,1.04,8.76,1.45,1.1,0.74,0.79,2.01,1.07,1.38,0.96,9.9,2.23,10.23,2.28,9.5,8.87,16.81,1.47,9.55,8.89,17.47,1.51,10.63,1.28,11.26,3.15,9.68,1.76,12.27,10.58,9.35,0.82,2.58,0.54,1.77,0.19,5.96,1.04,4.83,1.07
Late Antique Transitional,15,92.1,8.81,6.81,10.82,1.02,8.91,1.5,1.18,0.73,0.78,2.03,1.18,1.27,0.87,10.19,2.48,10.43,2.49,9.78,9.04,17.79,1.62,9.89,9.1,18.48,1.68,10.8,1.28,11.54,3.51,9.83,1.81,12.01,10.59,9.44,0.8,2.56,0.52,1.77,0.19,5.99,1.04,4.86,1.07
Late Antique Transitional,16,98.24,8.93,6.96,10.89,1,9.01,1.45,1.17,0.7,0.81,1.95,1.17,1.24,0.9,10.21,2.44,10.42,2.49,9.84,9.13,17.8,1.6,9.9,9.2,17.96,1.57,10.84,1.26,11.53,3.45,9.9,1.86,11.83,10.6,9.53,0.79,2.53,0.5,1.78,0.19,6.04,1.03,4.89,1.05
Late Antique Transitional,17,104.38,9.04,7.11,10.97,0.98,9.14,1.41,1.19,0.64,0.77,1.86,1.2,1.32,0.94,10.33,2.53,10.49,2.55,10.01,9.28,17.95,1.61,10.02,9.36,17.6,1.5,10.89,1.2,11.44,3.52,10.01,1.85,11.75,10.62,9.6,0.77,2.51,0.48,1.8,0.17,6.12,0.98,4.96,1.02
Late Antique Transitional,18,110.52,9.15,7.25,11.04,0.97,9.25,1.44,1.14,0.61,0.76,1.84,1.17,1.3,1.01,10.44,2.54,10.57,2.48,10.11,9.38,18.01,1.6,10.16,9.49,17.91,1.53,10.99,1.23,11.54,3.52,10.11,1.78,11.66,10.64,9.67,0.76,2.49,0.47,1.8,0.17,6.12,0.96,4.94,1
Late Antique Transitional,19,116.66,9.24,7.39,11.1,0.95,9.38,1.48,1.13,0.61,0.75,1.84,1.19,1.26,0.94,10.67,2.87,10.7,2.53,10.24,9.52,18.17,1.6,10.3,9.62,18.01,1.54,11.12,1.23,11.7,3.63,10.24,1.81,11.58,10.65,9.73,0.75,2.48,0.46,1.8,0.17,6.15,0.96,4.95,1
Late Antique Transitional,20,122.8,9.34,7.51,11.16,0.93,9.45,1.46,1.12,0.58,0.71,1.77,1.17,1.25,0.93,10.72,2.91,10.7,2.49,10.29,9.58,18.21,1.59,10.32,9.68,17.62,1.46,11.13,1.21,11.66,3.57,10.28,1.81,11.5,10.67,9.79,0.74,2.45,0.45,1.81,0.17,6.19,0.95,4.98,0.99
Late Antique Transitional,21,128.94,9.42,7.63,11.22,0.92,9.55,1.49,1.16,0.54,0.67,1.8,1.18,1.14,0.93,10.87,2.96,10.84,2.54,10.43,9.67,18.65,1.65,10.4,9.75,17.93,1.5,11.26,1.21,11.91,3.56,10.38,1.84,11.44,10.7,9.84,0.73,2.45,0.44,1.82,0.16,6.23,0.93,5.01,0.97
Late Antique Transitional,22,135.08,9.51,7.74,11.28,0.9,9.6,1.51,1.14,0.52,0.64,1.8,1.16,1.02,0.86,10.97,3.01,10.86,2.47,10.49,9.72,18.73,1.66,10.5,9.8,18.36,1.57,11.32,1.22,12.07,3.51,10.42,1.81,11.39,10.72,9.89,0.73,2.43,0.43,1.81,0.16,6.21,0.94,4.98,0.98
Late Antique Transitional,23,141.22,9.59,7.85,11.33,0.89,9.72,1.56,1.13,0.53,0.67,1.85,1.18,0.91,0.83,11.16,3.09,11.05,2.55,10.62,9.85,19.04,1.68,10.74,9.92,19.33,1.73,11.49,1.24,12.39,3.62,10.55,1.84,11.35,10.74,9.94,0.72,2.43,0.42,1.82,0.16,6.22,0.93,4.98,0.98
Late Antique Transitional,24,147.36,9.66,7.95,11.38,0.87,9.78,1.54,1.11,0.53,0.67,1.79,1.17,0.95,0.82,11.14,2.87,11.07,2.58,10.63,9.9,18.85,1.63,10.75,9.99,18.8,1.62,11.5,1.23,12.3,3.61,10.59,1.84,11.33,10.76,9.99,0.71,2.41,0.41,1.82,0.16,6.26,0.93,5.01,0.97
Late Antique Transitional,25,153.5,9.73,8.05,11.42,0.86,9.86,1.54,1.14,0.52,0.67,1.79,1.18,0.92,0.82,11.25,2.94,11.15,2.61,10.76,9.99,19.06,1.66,10.85,10.07,18.89,1.63,11.58,1.22,12.41,3.61,10.67,1.86,11.31,10.78,10.03,0.71,2.4,0.41,1.83,0.16,6.29,0.9,5.03,0.95
Late Antique Transitional,26,159.64,9.8,8.14,11.47,0.85,9.9,1.54,1.12,0.52,0.7,1.78,1.17,0.87,0.85,11.32,2.98,11.19,2.58,10.78,10.04,18.84,1.62,10.89,10.12,18.88,1.63,11.61,1.23,12.48,3.51,10.7,1.83,11.29,10.8,10.07,0.7,2.39,0.4,1.82,0.16,6.27,0.91,5.01,0.95
Late Antique Transitional,27,165.78,9.87,8.23,11.51,0.84,9.99,1.55,1.09,0.55,0.7,1.8,1.17,0.86,0.84,11.4,2.92,11.3,2.58,10.82,10.12,18.57,1.55,11,10.2,19.12,1.65,11.72,1.24,12.62,3.55,10.8,1.86,11.28,10.83,10.11,0.69,2.38,0.39,1.82,0.16,6.28,0.91,5.01,0.95
Late Antique Transitional,28,171.92,9.93,8.31,11.55,0.83,10.02,1.53,1.09,0.53,0.64,1.75,1.19,0.86,0.86,11.51,3.25,11.29,2.61,10.83,10.14,18.3,1.5,11.02,10.24,19.01,1.64,11.71,1.22,12.56,3.61,10.81,1.87,11.28,10.85,10.15,0.69,2.36,0.39,1.83,0.16,6.3,0.9,5.02,0.94
Late Antique Transitional,29,178.06,9.99,8.39,11.59,0.82,10.1,1.53,1.11,0.56,0.64,1.76,1.19,0.86,0.85,11.54,3,11.42,2.68,10.96,10.23,18.5,1.53,11.16,10.34,19.27,1.68,11.8,1.21,12.67,3.64,10.89,1.87,11.28,10.87,10.19,0.68,2.36,0.38,1.83,0.15,6.32,0.88,5.04,0.92
Late Antique Transitional,30,184.2,10.05,8.46,11.63,0.81,10.13,1.53,1.1,0.56,0.69,1.76,1.2,0.82,0.86,11.58,2.98,11.45,2.66,10.98,10.27,18.45,1.52,11.22,10.38,19.47,1.71,11.83,1.22,12.74,3.61,10.92,1.84,11.28,10.89,10.22,0.67,2.35,0.38,1.83,0.15,6.3,0.88,5.02,0.92
Late Antique Transitional,31,190.35,10.1,8.54,11.67,0.8,10.21,1.57,1.08,0.56,0.66,1.8,1.2,0.82,0.85,11.73,3.03,11.57,2.68,11.06,10.34,18.69,1.54,11.32,10.45,19.75,1.74,11.95,1.23,12.89,3.61,11.01,1.88,11.28,10.91,10.26,0.66,2.35,0.37,1.83,0.15,6.31,0.88,5.02,0.92
Late Antique Transitional,32,196.49,10.15,8.6,11.7,0.79,10.23,1.58,1.08,0.54,0.63,1.79,1.21,0.79,0.82,11.81,3.06,11.59,2.67,11.09,10.36,18.74,1.55,11.35,10.46,19.87,1.76,11.96,1.22,12.93,3.63,11.02,1.87,11.28,10.93,10.29,0.66,2.33,0.37,1.83,0.15,6.32,0.87,5.02,0.9
Late Antique Transitional,33,202.63,10.2,8.67,11.73,0.78,10.32,1.59,1.11,0.57,0.67,1.81,1.22,0.79,0.83,11.93,3.08,11.72,2.73,11.23,10.46,19.08,1.6,11.5,10.57,20.23,1.81,12.08,1.23,13.06,3.68,11.12,1.86,11.29,10.95,10.33,0.65,2.33,0.36,1.84,0.15,6.34,0.85,5.04,0.88
Late Antique Transitional,34,208.77,10.25,8.73,11.76,0.77,10.36,1.59,1.11,0.57,0.73,1.81,1.24,0.76,0.89,12,3.05,11.77,2.71,11.27,10.5,19.21,1.62,11.57,10.6,20.49,1.86,12.12,1.23,13.13,3.67,11.16,1.83,11.29,10.97,10.36,0.64,2.32,0.36,1.84,0.15,6.33,0.85,5.03,0.88
Late Antique Transitional,35,214.91,10.29,8.79,11.79,0.77,10.42,1.61,1.08,0.59,0.74,1.83,1.22,0.77,0.89,12.06,3,11.86,2.71,11.31,10.55,19.26,1.61,11.6,10.64,20.52,1.85,12.2,1.23,13.22,3.64,11.22,1.84,11.3,10.99,10.39,0.63,2.32,0.36,1.84,0.15,6.34,0.85,5.03,0.88
Late Antique Transitional,36,221.05,10.34,8.85,11.82,0.76,10.45,1.64,1.07,0.55,0.72,1.84,1.2,0.71,0.84,12.17,3.02,11.89,2.66,11.36,10.58,19.5,1.64,11.6,10.66,20.57,1.85,12.24,1.24,13.33,3.56,11.25,1.82,11.31,11.01,10.42,0.62,2.31,0.35,1.84,0.15,6.35,0.84,5.05,0.86
Late Antique Transitional,37,227.19,10.38,8.9,11.85,0.75,10.54,1.65,1.07,0.57,0.7,1.86,1.19,0.71,0.82,12.25,2.88,12.01,2.64,11.49,10.68,19.78,1.67,11.75,10.77,20.97,1.9,12.35,1.25,13.46,3.52,11.35,1.77,11.32,11.03,10.45,0.61,2.32,0.35,1.84,0.14,6.38,0.82,5.06,0.85
Late Antique Transitional,38,233.33,10.42,8.96,11.88,0.75,10.58,1.65,1.07,0.59,0.75,1.86,1.21,0.71,0.88,12.29,2.82,12.07,2.61,11.53,10.72,19.85,1.68,11.81,10.8,21.21,1.95,12.39,1.25,13.5,3.51,11.39,1.72,11.34,11.04,10.48,0.6,2.31,0.35,1.84,0.14,6.36,0.81,5.04,0.83
Late Antique Transitional,39,239.47,10.46,9.01,11.9,0.74,10.63,1.65,1.04,0.62,0.76,1.86,1.19,0.74,0.88,12.34,2.74,12.13,2.58,11.54,10.76,19.69,1.64,11.83,10.84,21.13,1.92,12.44,1.25,13.52,3.46,11.44,1.72,11.35,11.06,10.51,0.59,2.31,0.35,1.84,0.14,6.36,0.82,5.04,0.83
Late Antique Transitional,40,245.61,10.49,9.05,11.93,0.73,10.65,1.66,1.04,0.62,0.76,1.85,1.18,0.74,0.86,12.45,2.81,12.15,2.55,11.56,10.78,19.72,1.65,11.8,10.85,20.94,1.88,12.45,1.25,13.53,3.43,11.46,1.71,11.36,11.08,10.54,0.57,2.3,0.34,1.84,0.14,6.37,0.82,5.05,0.83
Late Antique Transitional,41,251.75,10.53,9.1,11.95,0.73,10.73,1.69,1.07,0.62,0.71,1.87,1.23,0.74,0.8,12.67,2.99,12.32,2.66,11.69,10.87,20.19,1.71,11.95,10.95,21.49,1.96,12.55,1.23,13.65,3.55,11.54,1.71,11.37,11.1,10.56,0.56,2.3,0.34,1.85,0.13,6.38,0.79,5.06,0.81
Late Antique Transitional,42,257.89,10.56,9.14,11.98,0.72,10.78,1.7,1.1,0.65,0.74,1.87,1.25,0.77,0.8,12.79,3.04,12.44,2.72,11.78,10.93,20.38,1.75,12.02,11,21.45,1.96,12.61,1.24,13.67,3.55,11.6,1.66,11.39,11.11,10.59,0.55,2.3,0.34,1.84,0.13,6.36,0.78,5.03,0.8
Late Antique Transitional,43,264.03,10.59,9.18,12,0.72,10.84,1.72,1.05,0.65,0.73,1.89,1.21,0.77,0.79,12.91,3.04,12.54,2.71,11.83,10.98,20.44,1.74,12.04,11.05,21.34,1.92,12.69,1.25,13.77,3.45,11.66,1.65,11.41,11.13,10.62,0.54,2.3,0.34,1.84,0.13,6.37,0.78,5.03,0.8
Late Antique Transitional,44,270.17,10.62,9.22,12.02,0.71,10.86,1.72,1.08,0.67,0.73,1.88,1.22,0.77,0.78,13.05,3.18,12.6,2.75,11.86,11,20.39,1.74,12.06,11.07,21.28,1.91,12.7,1.25,13.77,3.51,11.68,1.68,11.42,11.14,10.64,0.52,2.29,0.33,1.84,0.13,6.38,0.78,5.04,0.79
Late Antique Transitional,45,276.31,10.65,9.26,12.04,0.71,10.94,1.75,1.1,0.69,0.71,1.91,1.26,0.8,0.77,13.19,3.19,12.79,2.9,11.98,11.09,20.81,1.79,12.2,11.16,21.78,1.98,12.81,1.25,13.89,3.6,11.77,1.66,11.44,11.16,10.67,0.51,2.3,0.33,1.85,0.13,6.39,0.76,5.05,0.77
Late Antique Transitional,46,282.45,10.68,9.3,12.07,0.71,10.96,1.7,1.11,0.74,0.77,1.85,1.25,0.87,0.79,13.18,3.39,12.73,2.85,11.99,11.12,20.52,1.75,12.13,11.18,21.06,1.85,12.77,1.22,13.73,3.59,11.78,1.65,11.46,11.17,10.69,0.49,2.29,0.33,1.85,0.13,6.38,0.75,5.04,0.76
Late Antique Transitional,47,288.59,10.71,9.33,12.09,0.7,10.98,1.68,1.09,0.77,0.76,1.84,1.24,0.87,0.77,13.23,3.45,12.75,2.86,11.95,11.13,20.07,1.66,12.13,11.2,20.88,1.82,12.78,1.23,13.73,3.55,11.8,1.64,11.47,11.18,10.72,0.48,2.28,0.33,1.85,0.13,6.39,0.74,5.04,0.75
Late Antique Transitional,48,294.73,10.74,9.37,12.11,0.7,11,1.69,1.09,0.77,0.76,1.84,1.22,0.87,0.77,13.4,3.71,12.79,2.88,11.95,11.15,20.05,1.66,12.11,11.2,20.72,1.78,12.8,1.23,13.75,3.51,11.82,1.66,11.49,11.2,10.74,0.46,2.27,0.32,1.85,0.12,6.39,0.73,5.04,0.74
Late Antique Transitional,49,300.87,10.76,9.39,12.13,0.7,11.07,1.7,1.09,0.81,0.75,1.85,1.22,0.91,0.75,13.43,3.62,12.93,3,12.01,11.22,20.15,1.65,12.16,11.27,20.77,1.77,12.88,1.22,13.8,3.5,11.89,1.64,11.5,11.21,10.76,0.44,2.28,0.32,1.85,0.12,6.4,0.72,5.05,0.74
Late Antique Transitional,50,307.01,10.78,9.42,12.14,0.69,11.09,1.66,1.12,0.84,0.79,1.8,1.24,0.97,0.77,13.5,3.84,12.89,2.94,12.05,11.25,20.16,1.66,12.12,11.28,20.39,1.7,12.85,1.19,13.67,3.54,11.9,1.63,11.52,11.22,10.79,0.42,2.27,0.32,1.85,0.12,6.4,0.71,5.05,0.72
Late Antique Transitional,51,313.15,10.81,9.45,12.16,0.69,11.11,1.65,1.11,0.85,0.78,1.79,1.24,1,0.8,13.55,3.92,12.89,2.95,12.05,11.26,20.02,1.63,12.13,11.3,20.32,1.68,12.86,1.19,13.64,3.58,11.92,1.64,11.53,11.24,10.81,0.4,2.26,0.32,1.85,0.12,6.41,0.69,5.05,0.7
Late Antique Transitional,52,319.29,10.83,9.48,12.18,0.69,11.13,1.66,1.11,0.85,0.78,1.79,1.22,1,0.8,13.54,3.77,12.91,2.92,12.04,11.27,19.95,1.61,12.07,11.3,20.04,1.62,12.89,1.19,13.66,3.53,11.94,1.66,11.55,11.25,10.83,0.38,2.26,0.31,1.85,0.12,6.41,0.69,5.06,0.7
Late Antique Transitional,53,325.43,10.85,9.5,12.2,0.69,11.2,1.67,1.09,0.88,0.73,1.8,1.21,1.03,0.78,13.64,3.71,13.11,3.07,12.06,11.33,19.9,1.57,12.14,11.37,20.24,1.63,12.97,1.19,13.73,3.5,12.02,1.61,11.56,11.26,10.85,0.36,2.26,0.31,1.85,0.11,6.42,0.68,5.07,0.69
Late Antique Transitional,54,331.57,10.87,9.53,12.22,0.69,11.21,1.64,1.11,0.87,0.73,1.75,1.23,1.06,0.78,13.64,3.97,13.05,2.97,12.09,11.35,19.92,1.58,12.09,11.38,19.77,1.55,12.93,1.16,13.61,3.52,12.01,1.62,11.58,11.27,10.87,0.34,2.25,0.31,1.85,0.11,6.42,0.66,5.06,0.67
Late Antique Transitional,55,337.71,10.89,9.55,12.24,0.69,11.24,1.62,1.1,0.9,0.72,1.72,1.21,1.12,0.79,13.69,3.98,13.01,2.93,12.08,11.37,19.53,1.51,12.07,11.42,19.36,1.47,12.93,1.15,13.53,3.51,12.04,1.61,11.59,11.28,10.89,0.31,2.25,0.31,1.86,0.11,6.43,0.65,5.07,0.66
Late Antique Transitional,56,343.85,10.91,9.57,12.26,0.69,11.26,1.61,1.09,0.92,0.73,1.7,1.19,1.14,0.83,13.56,3.73,13.07,3.04,12.07,11.39,19.34,1.47,12.1,11.45,19.32,1.47,12.93,1.15,13.49,3.51,12.05,1.63,11.61,11.29,10.91,0.29,2.24,0.31,1.86,0.11,6.43,0.65,5.07,0.66
Late Antique Transitional,57,349.99,10.93,9.59,12.27,0.68,11.34,1.62,1.06,0.95,0.69,1.73,1.18,1.13,0.76,13.64,3.68,13.28,3.1,12.08,11.46,19.18,1.41,12.18,11.52,19.53,1.47,13.04,1.16,13.64,3.4,12.15,1.56,11.62,11.3,10.93,0.26,2.25,0.31,1.86,0.1,6.44,0.64,5.08,0.65
Late Antique Transitional,58,356.13,10.95,9.61,12.29,0.68,11.35,1.6,1.08,0.92,0.71,1.7,1.18,1.11,0.75,13.72,3.97,13.25,3.05,12.13,11.47,19.34,1.44,12.16,11.51,19.32,1.44,13.02,1.15,13.61,3.4,12.15,1.57,11.64,11.31,10.95,0.22,2.25,0.3,1.86,0.1,6.45,0.61,5.08,0.63
Late Antique Transitional,59,362.27,10.97,9.62,12.31,0.68,11.38,1.58,1.07,0.96,0.7,1.68,1.16,1.15,0.76,13.77,3.98,13.24,3,12.11,11.5,18.94,1.37,12.14,11.54,18.97,1.37,13.03,1.15,13.56,3.36,12.17,1.55,11.65,11.32,10.97,0.18,2.24,0.3,1.86,0.1,6.45,0.6,5.08,0.62
Late Antique Transitional,60,368.41,10.98,9.64,12.33,0.69,11.39,1.56,1.05,0.98,0.71,1.65,1.14,1.17,0.79,13.63,3.69,13.26,3.13,12.08,11.51,18.68,1.32,12.15,11.56,18.86,1.36,13.01,1.14,13.5,3.34,12.17,1.56,11.67,11.33,10.98,0.13,2.24,0.3,1.86,0.1,6.45,0.6,5.08,0.61
Late Antique Transitional,61,374.55,11,9.66,12.34,0.69,11.46,1.55,1.04,1.05,0.72,1.66,1.14,1.2,0.77,13.69,3.56,13.4,3.16,12.1,11.58,18.52,1.27,12.22,11.63,18.98,1.36,13.09,1.14,13.56,3.28,12.25,1.51,11.68,11.34,0,0,2.24,0.3,1.86,0.1,6.46,0.58,5.09,0.6
Middle Islamic II,1,18.08,4.37,2.18,6.56,1.12,3.98,1.3,1.01,0.98,1.05,3.98,1.67,0,0,5.35,2.96,3.98,1.67,4.36,4.12,8.83,0.9,3.98,6.27,6.34,0.02,3.98,0,0,0,3.98,1.67,0,0,5.5,1.14,564.81,22090.81,1.11,0.41,3.28,1.29,2.96,1.14
Middle Islamic II,2,36.15,5.99,3.48,8.5,1.28,5.92,1.6,0.9,1.03,0.92,3.52,1.44,2.4,1.22,7.43,2.44,16.06,10.1,6.45,6.04,12.51,1.17,6.93,0,0,0,7.68,0.97,7.68,2.02,6.8,1.74,9.5,9.51,6.81,1.12,2.54,0.88,1.44,0.25,4.34,1.1,3.68,1.01
Middle Islamic II,3,54.23,6.89,4.34,9.43,1.3,6.84,1.68,1.14,0.85,0.81,2.95,1.52,2.01,1.23,8.59,3.09,11.16,5.21,7.61,6.96,15.2,1.49,8.08,0,0,0,8.81,1.19,9.46,2.86,7.79,1.92,14.03,9.65,7.56,1.09,2.39,0.64,1.52,0.21,4.67,1.04,3.86,0.91
Middle Islamic II,4,72.31,7.51,4.99,10.03,1.29,7.52,1.73,1.1,0.79,0.81,2.75,1.4,1.71,1.05,9.5,3.29,10.68,3.91,8.38,7.64,16.35,1.59,8.77,7.79,17.91,1.85,9.58,1.33,10.39,2.95,8.5,1.76,15.98,9.79,8.09,1.06,2.34,0.55,1.56,0.18,4.85,0.92,3.94,0.83
Middle Islamic II,5,90.39,7.97,5.5,10.45,1.26,7.97,1.64,1.19,0.88,0.87,2.45,1.34,1.72,1.07,9.9,3.36,10.33,3.11,8.79,8.1,16.29,1.51,9.05,8.21,17.43,1.67,9.93,1.32,10.63,3.06,8.92,1.73,13.83,9.93,8.48,1.03,2.28,0.49,1.58,0.17,4.92,0.85,3.96,0.78
Middle Islamic II,6,108.46,8.35,5.92,10.78,1.24,8.37,1.62,1.09,0.81,0.94,2.33,1.22,1.5,1,10.03,2.88,10.39,2.63,9.12,8.49,16.62,1.49,9.38,8.58,17.72,1.64,10.31,1.36,11.07,2.94,9.3,1.65,12.03,10.05,8.8,1,2.25,0.45,1.6,0.16,5.01,0.82,3.98,0.76
Middle Islamic II,7,126.54,8.66,6.28,11.04,1.21,8.66,1.54,1.1,0.73,0.83,2.13,1.24,1.52,0.93,10.25,2.78,10.44,2.53,9.43,8.77,16.77,1.49,9.5,8.87,17.07,1.47,10.49,1.27,11.1,3.04,9.56,1.68,11.87,10.17,9.05,0.97,2.22,0.42,1.61,0.16,5.07,0.8,4.01,0.76
Middle Islamic II,8,144.62,8.92,6.59,11.25,1.19,8.87,1.43,1.07,0.75,0.74,1.94,1.15,1.47,1,10.24,2.71,10.39,2.3,9.53,8.98,16.07,1.34,9.56,9.08,16.29,1.29,10.57,1.26,11.08,2.89,9.71,1.61,12.52,10.27,9.27,0.95,2.17,0.39,1.61,0.15,5.05,0.75,3.97,0.73
Middle Islamic II,9,162.69,9.15,6.86,11.44,1.17,9.02,1.34,1.01,0.84,0.83,1.84,1.03,1.46,1.16,10.25,2.22,10.4,2.04,9.55,9.12,15.29,1.18,9.63,9.2,16.14,1.23,10.66,1.21,11.09,2.6,9.84,1.49,11.69,10.36,9.45,0.93,2.15,0.37,1.61,0.14,5.06,0.72,3.97,0.7
Middle Islamic II,10,180.77,9.35,7.1,11.59,1.14,9.21,1.24,0.98,0.75,0.74,1.67,1.03,1.42,0.98,10.35,2.48,10.42,1.94,9.68,9.29,14.75,1.08,9.81,9.42,15.69,1.14,10.71,1.13,11.04,2.64,9.98,1.46,11.42,10.45,9.6,0.92,2.13,0.36,1.63,0.14,5.15,0.7,4.04,0.69
Middle Islamic II,11,198.85,9.52,7.32,11.72,1.12,9.37,1.26,1.04,0.69,0.79,1.63,1.11,1.3,0.98,10.58,2.33,10.57,2.01,9.95,9.47,15.79,1.22,10.02,9.57,16.22,1.22,10.85,1.12,11.23,2.89,10.12,1.46,11.28,10.53,9.74,0.91,2.11,0.35,1.64,0.14,5.19,0.71,4.07,0.69
Middle Islamic II,12,216.92,9.68,7.52,11.84,1.1,9.53,1.31,1,0.65,0.8,1.66,1.06,1.18,0.96,10.72,2.19,10.74,1.96,10.12,9.63,16.15,1.26,10.18,9.73,16.29,1.22,11.05,1.16,11.54,2.77,10.29,1.37,11.19,10.6,9.87,0.9,2.1,0.34,1.64,0.13,5.2,0.67,4.07,0.67
Middle Islamic II,13,235,9.82,7.7,11.94,1.08,9.68,1.32,1.01,0.61,0.82,1.64,1.08,1.14,0.94,10.92,2.47,10.91,1.96,10.32,9.81,16.57,1.29,10.37,9.86,16.89,1.3,11.19,1.13,11.7,2.85,10.43,1.33,11.15,10.67,9.98,0.89,2.09,0.33,1.64,0.13,5.21,0.66,4.06,0.66
Middle Islamic II,14,253.08,9.95,7.87,12.03,1.06,9.77,1.3,1.08,0.53,0.74,1.55,1.1,1.11,0.91,11.03,2.66,10.97,2.12,10.45,9.9,16.86,1.34,10.39,9.93,16.45,1.22,11.21,1.08,11.66,2.96,10.49,1.39,11.14,10.74,10.08,0.88,2.07,0.32,1.64,0.13,5.22,0.65,4.07,0.65
Middle Islamic II,15,271.16,10.07,8.02,12.11,1.04,9.93,1.39,1.08,0.46,0.7,1.61,1.13,1.01,0.92,11.27,2.66,11.24,2.28,10.67,10.05,17.65,1.44,10.67,10.09,17.61,1.39,11.43,1.11,12.02,3.04,10.66,1.37,11.14,10.79,10.17,0.87,2.07,0.31,1.65,0.12,5.24,0.61,4.07,0.62
Middle Islamic II,16,289.23,10.17,8.17,12.18,1.02,10,1.4,1.03,0.42,0.68,1.61,1.08,0.83,0.84,11.34,2.55,11.26,2.17,10.71,10.1,17.69,1.42,10.75,10.14,17.93,1.43,11.51,1.11,12.24,2.9,10.72,1.34,11.14,10.85,10.26,0.87,2.04,0.3,1.64,0.11,5.2,0.56,4.02,0.58
Middle Islamic II,17,307.31,10.27,8.3,12.24,1.01,10.08,1.4,1.05,0.45,0.67,1.62,1.09,0.86,0.83,11.59,3.37,11.4,2.21,10.81,10.19,17.65,1.41,10.86,10.23,18.04,1.44,11.6,1.12,12.32,2.93,10.8,1.32,11.14,10.9,10.34,0.86,2.03,0.3,1.64,0.11,5.18,0.54,4,0.56
Middle Islamic II,18,325.39,10.37,8.43,12.3,0.99,10.22,1.47,0.98,0.42,0.67,1.67,1.05,0.83,0.78,11.57,2.44,11.53,1.99,10.95,10.31,18.24,1.47,10.99,10.35,18.43,1.47,11.8,1.14,12.59,2.81,10.96,1.29,11.16,10.95,10.42,0.85,2.04,0.29,1.65,0.1,5.22,0.51,4.04,0.54
Middle Islamic II,19,343.46,10.45,8.55,12.35,0.97,10.31,1.5,0.98,0.4,0.62,1.67,1.05,0.8,0.72,11.71,2.41,11.61,1.98,11.05,10.4,18.55,1.51,11.07,10.43,18.54,1.48,11.89,1.14,12.71,2.82,11.05,1.3,11.17,10.99,10.49,0.85,2.03,0.29,1.65,0.1,5.24,0.52,4.06,0.54
Middle Islamic II,20,361.54,10.53,8.66,12.4,0.95,10.39,1.51,0.94,0.4,0.65,1.65,1.02,0.85,0.73,11.82,2.39,11.65,1.9,11.12,10.48,18.75,1.51,11.07,10.5,18.19,1.38,11.96,1.13,12.72,2.76,11.12,1.27,11.19,11.04,10.56,0.84,2.03,0.29,1.65,0.1,5.26,0.5,4.06,0.53
Middle Islamic II,21,379.62,10.61,8.77,12.44,0.94,10.44,1.48,0.92,0.42,0.67,1.55,0.94,0.91,0.74,11.81,2.35,11.56,1.76,11.12,10.53,18.49,1.45,10.93,10.53,16.99,1.15,11.92,1.09,12.54,2.54,11.14,1.25,11.2,11.08,10.63,0.83,2.01,0.28,1.65,0.09,5.25,0.49,4.05,0.52
Middle Islamic II,22,397.69,10.68,8.87,12.48,0.92,10.51,1.51,0.98,0.41,0.67,1.57,0.99,0.87,0.75,12,2.97,11.69,2.02,11.26,10.61,18.85,1.51,11.05,10.61,17.33,1.2,12.01,1.1,12.68,2.7,11.21,1.33,11.22,11.12,10.69,0.82,2.01,0.28,1.65,0.1,5.25,0.49,4.04,0.52
Middle Islamic II,23,415.77,10.74,8.97,12.52,0.91,10.61,1.57,0.99,0.39,0.65,1.63,0.99,0.76,0.74,12.28,3.22,11.83,2.09,11.4,10.71,19.35,1.58,11.22,10.7,18,1.31,12.17,1.12,13,2.71,11.33,1.39,11.24,11.15,10.76,0.82,2.01,0.27,1.66,0.09,5.26,0.47,4.05,0.5
Middle Islamic II,24,433.85,10.81,9.06,12.55,0.89,10.64,1.53,0.95,0.44,0.67,1.59,0.94,0.77,0.71,12.21,2.98,11.82,2.02,11.35,10.73,18.92,1.48,11.17,10.71,17.62,1.22,12.16,1.1,12.95,2.58,11.34,1.38,11.26,11.19,10.81,0.81,1.99,0.27,1.65,0.09,5.25,0.46,4.03,0.5
Middle Islamic II,25,451.93,10.87,9.15,12.59,0.88,10.68,1.52,0.95,0.46,0.7,1.6,0.92,0.77,0.72,12.29,3,11.88,1.97,11.39,10.77,18.89,1.47,11.22,10.75,17.75,1.23,12.22,1.11,13.01,2.5,11.38,1.33,11.28,11.22,10.87,0.8,1.98,0.26,1.65,0.09,5.23,0.46,4.02,0.5
Middle Islamic II,26,470,10.92,9.23,12.62,0.86,10.82,1.64,1.01,0.46,0.7,1.71,1.01,0.71,0.7,12.61,2.85,12.17,2.19,11.69,10.93,20.26,1.68,11.54,10.91,19.2,1.47,12.46,1.15,13.41,2.82,11.56,1.4,11.3,11.26,10.92,0.79,1.99,0.26,1.66,0.09,5.27,0.46,4.05,0.49
Middle Islamic II,27,488.08,10.98,9.31,12.65,0.85,10.9,1.68,0.95,0.45,0.63,1.73,0.96,0.73,0.69,12.71,2.63,12.26,2.08,11.74,11,20.35,1.67,11.59,10.99,19.27,1.46,12.57,1.17,13.52,2.66,11.65,1.35,11.33,11.29,10.98,0.78,1.99,0.26,1.66,0.09,5.27,0.46,4.06,0.49
Middle Islamic II,28,506.16,11.03,9.38,12.68,0.84,10.95,1.69,0.93,0.47,0.67,1.73,0.94,0.72,0.74,12.77,2.41,12.33,2.05,11.8,11.06,20.54,1.68,11.66,11.04,19.47,1.49,12.62,1.17,13.58,2.58,11.69,1.34,11.35,11.32,11.03,0.76,1.99,0.26,1.66,0.09,5.28,0.45,4.06,0.48
Middle Islamic II,29,524.23,11.08,9.46,12.7,0.83,11,1.68,0.92,0.5,0.67,1.71,0.92,0.72,0.74,12.87,2.36,12.34,1.92,11.83,11.1,20.51,1.66,11.71,11.1,19.56,1.48,12.65,1.16,13.6,2.56,11.74,1.32,11.38,11.35,11.08,0.75,1.99,0.26,1.66,0.08,5.28,0.44,4.05,0.47
Middle Islamic II,30,542.31,11.13,9.53,12.73,0.82,11.07,1.73,0.96,0.48,0.69,1.75,0.97,0.68,0.75,13.02,2.57,12.49,2.14,12,11.19,21.2,1.78,11.89,11.19,20.34,1.61,12.76,1.18,13.78,2.7,11.82,1.34,11.41,11.37,11.12,0.74,1.99,0.25,1.66,0.08,5.28,0.43,4.05,0.47
Middle Islamic II,31,560.39,11.18,9.59,12.76,0.81,11.13,1.75,1.01,0.5,0.72,1.77,1.01,0.66,0.76,13.26,2.86,12.67,2.63,12.13,11.27,21.56,1.84,11.99,11.26,20.6,1.66,12.84,1.18,13.9,2.8,11.88,1.36,11.43,11.4,11.17,0.73,1.98,0.25,1.66,0.08,5.29,0.42,4.05,0.45
Middle Islamic II,32,578.46,11.22,9.66,12.78,0.8,11.17,1.75,1.03,0.52,0.72,1.77,1.02,0.67,0.75,13.38,2.98,12.73,2.66,12.18,11.31,21.64,1.85,12.05,11.3,20.77,1.68,12.88,1.18,13.94,2.87,11.92,1.39,11.46,11.43,11.21,0.72,1.97,0.25,1.66,0.08,5.28,0.41,4.04,0.44
Middle Islamic II,33,596.54,11.26,9.72,12.81,0.79,11.18,1.74,1.03,0.52,0.72,1.77,1.01,0.65,0.74,13.43,2.97,12.74,2.65,12.18,11.32,21.58,1.84,12.06,11.31,20.83,1.69,12.9,1.18,13.97,2.84,11.93,1.35,11.48,11.45,11.26,0.7,1.96,0.25,1.66,0.08,5.26,0.41,4.03,0.45
Middle Islamic II,34,614.62,11.31,9.78,12.83,0.78,11.29,1.84,1.06,0.52,0.72,1.87,1.05,0.63,0.73,13.9,3.4,13.02,2.67,12.42,11.44,22.56,2,12.32,11.44,21.87,1.87,13.11,1.22,14.29,3,12.07,1.42,11.5,11.48,11.3,0.69,1.97,0.25,1.66,0.08,5.28,0.4,4.05,0.43
Middle Islamic II,35,632.7,11.35,9.84,12.85,0.77,11.34,1.84,1,0.54,0.73,1.87,0.99,0.64,0.73,14.05,3.46,13,2.51,12.42,11.48,22.36,1.94,12.32,11.48,21.67,1.81,13.16,1.23,14.33,2.82,12.12,1.36,11.53,11.5,11.34,0.67,1.97,0.25,1.66,0.08,5.29,0.4,4.05,0.43
Middle Islamic II,36,650.77,11.38,9.89,12.88,0.76,11.38,1.86,1,0.55,0.76,1.89,0.99,0.62,0.76,14.14,3.45,13.1,2.52,12.49,11.53,22.6,1.98,12.42,11.53,22.18,1.89,13.22,1.24,14.43,2.81,12.17,1.33,11.55,11.52,11.38,0.66,1.97,0.24,1.66,0.08,5.28,0.4,4.05,0.42
Middle Islamic II,37,668.85,11.42,9.94,12.9,0.76,11.43,1.87,1.03,0.55,0.73,1.89,1.02,0.63,0.73,14.3,3.59,13.19,2.61,12.6,11.59,22.99,2.04,12.5,11.58,22.41,1.92,13.27,1.24,14.48,2.9,12.22,1.33,11.58,11.55,11.41,0.64,1.97,0.24,1.66,0.08,5.28,0.4,4.04,0.41
Middle Islamic II,38,686.93,11.46,9.99,12.92,0.75,11.48,1.89,1.03,0.57,0.77,1.91,1.03,0.64,0.77,14.38,3.62,13.28,2.61,12.7,11.65,23.25,2.08,12.6,11.64,22.73,1.98,13.34,1.25,14.56,2.9,12.28,1.3,11.6,11.57,11.45,0.63,1.97,0.24,1.66,0.07,5.28,0.39,4.04,0.41
Middle Islamic II,39,705,11.49,10.04,12.95,0.74,11.5,1.86,1.07,0.61,0.83,1.88,1.07,0.68,0.84,14.36,3.62,13.32,2.7,12.69,11.66,22.98,2.04,12.61,11.65,22.54,1.95,13.33,1.22,14.49,3.03,12.29,1.34,11.62,11.59,11.48,0.61,1.96,0.24,1.66,0.07,5.29,0.37,4.04,0.39
Middle Islamic II,40,723.08,11.53,10.08,12.97,0.74,11.55,1.89,1.1,0.62,0.84,1.91,1.09,0.68,0.86,14.49,3.61,13.47,2.72,12.81,11.72,23.49,2.13,12.77,11.73,23.25,2.08,13.41,1.23,14.6,3.15,12.35,1.36,11.64,11.61,11.52,0.6,1.96,0.24,1.66,0.07,5.29,0.36,4.04,0.38
Middle Islamic II,41,741.16,11.56,10.13,12.99,0.73,11.55,1.87,1.11,0.63,0.84,1.89,1.1,0.7,0.87,14.55,3.73,13.48,2.75,12.79,11.72,23.23,2.09,12.76,11.73,23.05,2.05,13.39,1.22,14.54,3.19,12.35,1.36,11.66,11.63,11.55,0.58,1.95,0.24,1.66,0.07,5.28,0.37,4.04,0.39
Middle Islamic II,42,759.23,11.59,10.17,13.01,0.72,11.62,1.9,1.1,0.67,0.87,1.92,1.1,0.73,0.89,14.67,3.77,13.67,2.81,12.89,11.8,23.45,2.12,12.88,11.8,23.32,2.09,13.49,1.24,14.64,3.17,12.43,1.36,11.69,11.65,11.58,0.56,1.96,0.23,1.66,0.07,5.29,0.37,4.04,0.38
Middle Islamic II,43,777.31,11.62,10.21,13.03,0.72,11.68,1.92,1.12,0.69,0.9,1.94,1.12,0.74,0.91,14.79,3.97,13.86,3.03,13,11.88,23.72,2.16,12.99,11.88,23.59,2.13,13.57,1.25,14.74,3.22,12.5,1.36,11.71,11.67,11.61,0.55,1.96,0.23,1.66,0.07,5.29,0.36,4.04,0.37
Middle Islamic II,44,795.39,11.65,10.25,13.05,0.71,11.71,1.93,1.11,0.69,0.87,1.95,1.11,0.73,0.89,14.78,3.93,13.92,3,13.05,11.91,23.84,2.18,13.04,11.91,23.72,2.15,13.62,1.25,14.8,3.2,12.53,1.35,11.73,11.69,11.64,0.53,1.95,0.23,1.66,0.07,5.29,0.36,4.04,0.37
Middle Islamic II,45,813.47,11.68,10.28,13.07,0.71,11.76,1.93,1.16,0.72,0.85,1.94,1.15,0.78,0.86,14.94,4.34,14.05,3.24,13.14,11.97,23.97,2.2,13.1,11.97,23.68,2.14,13.66,1.24,14.78,3.32,12.58,1.36,11.75,11.71,11.67,0.51,1.96,0.23,1.66,0.07,5.29,0.36,4.03,0.36
Middle Islamic II,46,831.54,11.7,10.32,13.09,0.71,11.8,1.92,1.13,0.76,0.87,1.93,1.12,0.82,0.87,14.93,4.43,14.03,3.14,13.12,12,23.68,2.13,13.08,12,23.4,2.07,13.69,1.24,14.77,3.24,12.63,1.36,11.77,11.73,11.7,0.49,1.96,0.23,1.66,0.07,5.29,0.35,4.04,0.37
Middle Islamic II,47,849.62,11.73,10.36,13.11,0.7,11.83,1.89,1.15,0.8,0.91,1.9,1.15,0.86,0.92,15.07,4.89,14.13,3.34,13.15,12.04,23.62,2.12,13.12,12.04,23.36,2.07,13.69,1.23,14.7,3.33,12.65,1.35,11.79,11.74,11.73,0.47,1.95,0.23,1.67,0.07,5.3,0.34,4.04,0.36
Middle Islamic II,48,867.7,11.76,10.38,13.13,0.7,11.88,1.9,1.17,0.83,0.91,1.91,1.16,0.89,0.93,15.15,4.89,14.27,3.37,13.23,12.09,23.85,2.15,13.19,12.09,23.52,2.09,13.75,1.23,14.75,3.36,12.71,1.33,11.81,11.76,11.75,0.45,1.95,0.23,1.67,0.07,5.3,0.34,4.05,0.36
Middle Islamic II,49,885.77,11.78,10.41,13.15,0.7,11.89,1.9,1.16,0.84,0.91,1.91,1.16,0.9,0.93,15.17,4.88,14.33,3.41,13.22,12.1,23.81,2.14,13.18,12.1,23.49,2.08,13.76,1.23,14.75,3.34,12.72,1.32,11.83,11.78,11.78,0.43,1.95,0.23,1.67,0.07,5.3,0.35,4.04,0.36
Middle Islamic II,50,903.85,11.8,10.44,13.17,0.69,11.95,1.93,1.13,0.84,0.9,1.94,1.14,0.89,0.9,15.26,4.82,14.43,3.36,13.28,12.16,23.95,2.14,13.26,12.17,23.67,2.09,13.85,1.25,14.88,3.26,12.79,1.29,11.86,11.79,11.8,0.41,1.95,0.23,1.67,0.07,5.3,0.34,4.05,0.36
Middle Islamic II,51,921.93,11.83,10.47,13.18,0.69,11.99,1.92,1.16,0.89,0.94,1.93,1.17,0.93,0.93,15.53,5.52,14.6,3.54,13.35,12.22,23.94,2.14,13.32,12.22,23.66,2.09,13.88,1.25,14.86,3.31,12.83,1.29,11.88,11.81,11.82,0.39,1.95,0.23,1.67,0.06,5.31,0.33,4.05,0.35
Middle Islamic II,52,940,11.85,10.5,13.2,0.69,12.01,1.93,1.16,0.88,0.92,1.94,1.16,0.91,0.92,15.56,5.53,14.56,3.43,13.38,12.24,24.07,2.16,13.37,12.24,23.86,2.12,13.91,1.25,14.92,3.3,12.85,1.29,11.9,11.82,11.85,0.37,1.95,0.22,1.67,0.06,5.3,0.33,4.04,0.33
Middle Islamic II,53,958.08,11.87,10.52,13.22,0.69,12.04,1.9,1.17,0.92,0.91,1.9,1.17,0.97,0.89,15.46,5.5,14.56,3.42,13.34,12.26,23.61,2.07,13.3,12.26,23.23,2,13.9,1.23,14.82,3.33,12.88,1.3,11.92,11.84,11.87,0.34,1.95,0.22,1.67,0.06,5.3,0.32,4.04,0.33
Middle Islamic II,54,976.16,11.89,10.54,13.24,0.69,12.09,1.9,1.15,0.97,0.9,1.9,1.15,1.02,0.89,15.52,5.48,14.61,3.36,13.35,12.31,23.43,2.02,13.31,12.3,23.07,1.95,13.95,1.23,14.82,3.3,12.93,1.3,11.94,11.85,11.89,0.32,1.95,0.22,1.67,0.06,5.3,0.31,4.04,0.32
Middle Islamic II,55,994.24,11.91,10.56,13.26,0.69,12.12,1.87,1.18,1.03,0.95,1.87,1.18,1.08,0.94,15.56,5.47,14.63,3.4,13.37,12.35,23.27,2,13.34,12.35,22.93,1.93,13.96,1.22,14.74,3.38,12.96,1.29,11.96,11.87,11.91,0.29,1.95,0.22,1.67,0.06,5.31,0.3,4.05,0.32
Middle Islamic II,56,1012.31,11.93,10.58,13.27,0.69,12.16,1.88,1.18,1.04,0.93,1.88,1.18,1.09,0.93,15.72,5.57,14.69,3.38,13.42,12.38,23.35,2,13.38,12.38,22.96,1.93,14.01,1.22,14.79,3.39,13,1.26,11.98,11.88,11.93,0.26,1.95,0.22,1.67,0.06,5.31,0.3,4.05,0.32
Middle Islamic II,57,1030.39,11.95,10.6,13.29,0.69,12.17,1.87,1.19,1.05,0.95,1.87,1.19,1.1,0.95,15.8,5.61,14.68,3.34,13.44,12.4,23.44,2.02,13.39,12.4,23.05,1.95,14.01,1.21,14.77,3.41,13.01,1.23,11.99,11.9,11.95,0.22,1.94,0.22,1.67,0.06,5.3,0.31,4.04,0.32
Middle Islamic II,58,1048.47,11.97,10.62,13.31,0.69,12.22,1.91,1.19,1.02,0.95,1.91,1.19,1.06,0.93,15.81,5.21,14.81,3.34,13.54,12.46,23.83,2.08,13.49,12.46,23.39,2,14.1,1.24,14.94,3.37,13.07,1.21,12.01,11.91,11.97,0.18,1.95,0.22,1.67,0.06,5.31,0.3,4.04,0.31
Middle Islamic II,59,1066.54,11.98,10.64,13.33,0.69,12.26,1.93,1.21,1.02,0.93,1.93,1.21,1.06,0.91,16.07,5.69,14.93,3.39,13.6,12.5,23.96,2.1,13.55,12.49,23.53,2.02,14.16,1.24,15.02,3.37,13.12,1.19,12.03,11.92,11.98,0.13,1.95,0.22,1.67,0.05,5.31,0.29,4.04,0.3
Middle Islamic II,60,1084.62,12,10.65,13.35,0.69,12.28,1.94,1.2,1.02,0.93,1.94,1.2,1.05,0.91,16.13,5.72,14.98,3.37,13.64,12.52,24.1,2.12,13.59,12.52,23.72,2.05,14.19,1.25,15.07,3.37,13.14,1.18,12.05,11.94,0,0,1.94,0.22,1.67,0.05,5.3,0.28,4.04,0.29
